title,url,label
The PERFECT Squat (5 Steps),https://www.youtube.com/watch?v=iZTxa8NJH2g,Squat
Best Squat Tutorial Ever Made,https://www.youtube.com/watch?v=MLoZuAkIyZI,Squat
üî• Best Squat Tutorial!! #squat,https://www.youtube.com/watch?v=gzd9gcsr4Bs,Squat
How to Perform a PERFECT Squat,https://www.youtube.com/watch?v=AIZ8q1qruKw,Squat
The Most Misunderstood Leg Exercise,https://www.youtube.com/watch?v=vd7cuR4O-3U,unknown
How to squat ‚úÖ,https://www.youtube.com/watch?v=Qj0UtfzpWGM,Squat
How To Squat with LONG FEMURS!,https://www.youtube.com/watch?v=nqblhduXrjE,Squat
How Squats Heal the Body.,https://www.youtube.com/watch?v=lHdKTSJFM0M,Squat
Perfect Squat Form in 3 Steps!,https://www.youtube.com/watch?v=EzvnMZuxGWw,Squat
The Magic trick for squats üî•,https://www.youtube.com/watch?v=y0rJ6hFyQmM,Squat
How to Keep or Rebuild SQUAT MOBILITY! 3 Solutions (Short),https://www.youtube.com/watch?v=Ia3EYoDaxdQ,Squat
Tom Platz: Perfect Technique Over Pure Weight in Squatting üßê #shorts,https://www.youtube.com/watch?v=0nwbM25FSFQ,Squat
How To Squat Properly | Tom Platz  #exercise #motivation #workout,https://www.youtube.com/watch?v=5WHYixTNFQ8,Squat
How To Do Perfect SQUAT | FITNESS SPECIAL | SQUATS For Beginners | WORKOUT VIDEO,https://www.youtube.com/watch?v=YaXPRqUwItQ,Squat
How To Squat Properly: Squat Deep -Essential Tips and Techniques | Tom Platz,https://www.youtube.com/watch?v=JANvVVsyZJE,Squat
Advance fitness move modification - Squat jumps,https://www.youtube.com/watch?v=cz2g3k86jaQ,Squat
How to Squat #squats #squatting,https://www.youtube.com/watch?v=cXjWNEhdedo,Squat
‚úÖHOW TO DO SQUAT WITH DUMBBELL,https://www.youtube.com/watch?v=0gNqaP5B818,Squat
STOP doing your SQUATS like this!,https://www.youtube.com/watch?v=SLOkdLLWj8A,Squat
How To Squat Properly - The Perfect Form & Technique by Brittne Babe,https://www.youtube.com/watch?v=2t3Ab7a2ZM4,Squat
How to Do Squats for Beginners,https://www.youtube.com/watch?v=EbOPpWi4L8s,Squat
How to squat correctly,https://www.youtube.com/watch?v=baCXyqhmuN4,Squat
Do You Have A Perfect Squat? (Find Out),https://www.youtube.com/watch?v=PPmvh7gBTi0,Squat
How To Improve Squat Form,https://www.youtube.com/watch?v=CsPAsICeRsM,Squat
How To Do A Barbell Back Squat,https://www.youtube.com/watch?v=rrJIyZGlK8c,Squat
How to do a Barbell Back Squat,https://www.youtube.com/watch?v=-bJIpOq-LWk,Squat
How to do a barbell back squat,https://www.youtube.com/watch?v=VZ90qWlfQUE,Squat
How to Squat: 4 Simple Steps,https://www.youtube.com/watch?v=gslEzVggur8,Squat
BARBELL SQUAT,https://www.youtube.com/watch?v=S9iWwaqbD3Q,Squat
How to Perform the Barbell Squat with Perfect Form | Menshealth UK,https://www.youtube.com/watch?v=eFYv8Skf66g,Squat
Fix your squat form! üèãüèª‚Äç‚ôÄÔ∏è Here are some common mistakes and how to correct them üòå‚úîÔ∏è #shorts,https://www.youtube.com/watch?v=Lq9bf_QUSns,Squat
How To Squat With A Barbell Properly,https://www.youtube.com/watch?v=kRX2NfqM90g,Squat
How to do Barbell Squat,https://www.youtube.com/watch?v=PaODzgexAfk,Squat
How to FRONT SQUAT / Step-by-Step (2023),https://www.youtube.com/watch?v=nmUof3vszxM,Squat
The Front Squat,https://www.youtube.com/watch?v=uYumuL_G_V0,Squat
250kg/551lbs Paused Front Squat,https://www.youtube.com/watch?v=7zXlyHoDaAE,Squat
How To Do A Barbell front squat,https://www.youtube.com/watch?v=Q1Ypb8ZNzI4,Squat
BB Front Squat,https://www.youtube.com/watch?v=qXheh1RND18,Squat
Front Squat - Common Mistake üõë,https://www.youtube.com/watch?v=QY1R4ycPyR8,Squat
Front Squat | Olympic Weightlifting Exercise Library,https://www.youtube.com/watch?v=Q1R0_CbgHpc,Squat
Tian Tao 300kg? Front Squat,https://www.youtube.com/watch?v=pqWQgfwbEzw,Squat
Movement Demo - The Front Squat,https://www.youtube.com/watch?v=CE0uSrr4SYQ,Squat
Front Squat with Bodybuilder Grip | Exercise Guide,https://www.youtube.com/watch?v=I5GaxSYLCSc,Squat
What's the difference between a front squat and a back squat? ü§îüèãÔ∏è‚Äç‚ôÄÔ∏è #shorts,https://www.youtube.com/watch?v=-hiSsWvHPc4,Squat
BEST Way to do Front Squats (Not What You Think),https://www.youtube.com/watch?v=rKjh8K-ZxLc,Squat
How to do a Barbell Front Squat!,https://www.youtube.com/watch?v=N4WGYDGu6bI,Squat
Front Squats Ain't It!!,https://www.youtube.com/watch?v=zlPZAf6O1hc,Squat
FRONT SQUAT MISTAKE?,https://www.youtube.com/watch?v=R-t3hX1Mcw8,Squat
How to do the BARBELL BACK SQUAT! | 2 Minute Tutorial,https://www.youtube.com/watch?v=aOzrA4FgnM0,Squat
The back squat requires the structures of the lower body and core to work synergistically,https://www.youtube.com/watch?v=uxJo6B68idk,Squat
Back Squat | Olympic Weightlifting Exercise Library,https://www.youtube.com/watch?v=Akd5xmZlsvg,Squat
The Back Squat,https://www.youtube.com/watch?v=ultWZbUMPL8,Squat
The Back Squat,https://www.youtube.com/watch?v=QmZAiBqPvZw,Squat
Back Squat,https://www.youtube.com/watch?v=Rvy12jFLBFo,Squat
Clarence Kennedy 200kg x5 Back Squat Tallinn Sept 2013,https://www.youtube.com/watch?v=upF-znxk1U4,Squat
How To Fix Lower Back Pain With Squats (Make This EASY Change),https://www.youtube.com/watch?v=I5xcfMvbLqc,Squat
Low Back Pain (HOW TO FIX!),https://www.youtube.com/watch?v=s9kxPlkGdJw,unknown
Exercise Tutorial - Squat,https://www.youtube.com/watch?v=xqvCmoLULNY,Squat
Best SQUAT for Hip Flexibility,https://www.youtube.com/watch?v=2BdmWht-38k,Squat
How to deep squat! Fixing the problem #shorts,https://www.youtube.com/watch?v=71mWF9jAw5k,Squat
Perform Your First Pistol Squat Using These Progressions,https://www.youtube.com/watch?v=bH3mRwnAN88,Squat
How to Bulgarian Split Squat | 3 Simple Steps,https://www.youtube.com/watch?v=uODWo4YqbT8,Squat
Perfect Squat Tutorial: 4 Steps!,https://www.youtube.com/watch?v=aR9rwprpZ9Q,Squat
How to squat ‚úÖ,https://www.youtube.com/watch?v=eFEVKmp3M4g,Squat
Back Squat - Side View,https://www.youtube.com/watch?v=txnwoJz-Rno,Squat
Squat side View,https://www.youtube.com/watch?v=t8y57QbLAZs,Squat
Squat side view,https://www.youtube.com/watch?v=L4YZPN7Aj-k,Squat
Back Squat (side view) - The Rack Athletic Performance Center,https://www.youtube.com/watch?v=thLzsSAMgXg,Squat
Bodyweight Quarter Squat (Side View),https://www.youtube.com/watch?v=kxwVqQUKrIE,Squat
Deep Squat - Side View - JET Coaching,https://www.youtube.com/watch?v=daDK0huWvfc,Squat
Bodyweight Squat - Side View,https://www.youtube.com/watch?v=LtQb7U5vcqE,Squat
Form Fix - Barbell Back Squat (Side on View),https://www.youtube.com/watch?v=Xu7HycdqJnc,Squat
3x160 kg Squat - Sideview,https://www.youtube.com/watch?v=ONIxxO3XzQo,Squat
How to Squat (side view),https://www.youtube.com/watch?v=Wea2NrbkBhQ,Squat
Overhead Squat - Side View,https://www.youtube.com/watch?v=xIa2SqboUEI,Squat
Front Squat Side View,https://www.youtube.com/watch?v=1GAhXltszro,Squat
Cossack Squat (Side View),https://www.youtube.com/watch?v=4wwXD3rIOwk,Squat
Side View Bodyweight Squat,https://www.youtube.com/watch?v=WBw_NOgIkgc,Squat
Back Squat (Side View),https://www.youtube.com/watch?v=AYvFsfKywLI,Squat
How to Primal Squat,https://www.youtube.com/watch?v=Ku2UMcoJ5dc,Squat
245 KG sleeves less squat #gym #fitness #powerlifting #squat #legworkout #shorts #trendingshorts,https://www.youtube.com/watch?v=5WveGUSLOzc,Squat
Deep Squat,https://www.youtube.com/watch?v=G-uQoo9TpuU,Squat
üìåKNOW THE DIFFERENCES | Goblet Squatü¶µvs. Sumo Squat üçë,https://www.youtube.com/watch?v=Bt8lsQStck0,Squat
Full Squat Exercise,https://www.youtube.com/watch?v=ec1a6PpEKrQ,Squat
The BEST Exercise For Bulletproof Knees,https://www.youtube.com/watch?v=xFn5yW89yKQ,unknown
One strength exercise to start with if squats hurt,https://www.youtube.com/watch?v=RQzzYLLzKtY,Squat
üìåHOW TO DO A GOBLET SQUAT,https://www.youtube.com/watch?v=lRYBbchqxtI,Squat
Top 3 Quad Exercises For Tree Trunk Legs,https://www.youtube.com/watch?v=A9OxBT-6Mw0,unknown
Six pack workout at home #sixpack #viralshort #fitnessjourney  #exercise,https://www.youtube.com/watch?v=MkIFwyfOkQc,unknown
"How To Do The Perfect Squat, And Why  You Should Do It Every Day",https://www.youtube.com/watch?v=IB_icWRzi4E,Squat
Learn Squat | Squat Mistake | Saurabh Fitness |,https://www.youtube.com/watch?v=T6id8FuUcao,Squat
Squat form check,https://www.youtube.com/watch?v=YYhRCEVT2pI,Squat
Split squat form check ‚úÖ #shorts,https://www.youtube.com/watch?v=cAl7vD-DQwQ,Squat
Gym check karo guyz New Zealand ‚ò†Ô∏è | Amazing #shortvideo #fyp„Ç∑„Çöviral,https://www.youtube.com/watch?v=t-HXOimzRO0,unknown
barbell squats form check‚úÖ‚úÖü§ó #barbellsquats  #youtubeindiashorts #fitness,https://www.youtube.com/watch?v=iJya0rF264c,Squat
Squat form check,https://www.youtube.com/watch?v=mcU4OVbL6is,Squat
low-bar squat form check,https://www.youtube.com/watch?v=wYoeoHEY-Kw,Squat
SQUAT FORM Check 120KG (265lb) x9 - Home Gym Workout,https://www.youtube.com/watch?v=BkVxfL0s0BE,Squat
Having trouble with your squat form? Check this out for a solution!,https://www.youtube.com/watch?v=5dUazkbIjeg,Squat
The Bodyweight Squat - Form Check,https://www.youtube.com/watch?v=RK5GUeAQq-0,Squat
Squat form check 16-sep-2015,https://www.youtube.com/watch?v=fvWgAGXMQbU,Squat
Squat form check,https://www.youtube.com/watch?v=juo_ETDrO1I,Squat
Squat form check,https://www.youtube.com/watch?v=-RW3isAaClo,Squat
Squat Form Check!üèãÔ∏è‚Äç‚ôÄÔ∏è How did I do?! #squat #squats #formcheck #strengthtraining #gymgirl #lifting,https://www.youtube.com/watch?v=f0Ne4PZiFgI,Squat
Squat form check first time,https://www.youtube.com/watch?v=MiIAE5GegIw,Squat
SQUAT FORM CHECK,https://www.youtube.com/watch?v=GpfxFHAZsyM,Squat
How to do a pull up correctly,https://www.youtube.com/watch?v=eJSCB7DAVs0,Pull-Up
Dramatically Improve Your Pull-Up,https://www.youtube.com/watch?v=dvG8B2OjfWk,Pull-Up
Lat Pulldown = Pull-Up Gains! Master Your Form & Build Strength Now #LatPulldown #FitnessShorts #yt,https://www.youtube.com/watch?v=rhJsmno7imk,Pull-Up
Fix your pull ups in 2 minutes,https://www.youtube.com/watch?v=dAScZVF5o9k,Pull-Up
How To Do The Perfect Pull-up,https://www.youtube.com/watch?v=9rckBLbVe8c,Pull-Up
How To Get Your First Pull Up,https://www.youtube.com/watch?v=RhNyvtK-IaA,Pull-Up
Drastically Improve Your Pull-Ups,https://www.youtube.com/watch?v=WqCXcFrA1Iw,Pull-Up
‚ùå Pull Up Mistake (DON'T DO THIS!),https://www.youtube.com/watch?v=6YGGFTKlDDw,Pull-Up
DO your FIRST PULL UP!,https://www.youtube.com/watch?v=aRFqDO7XClU,Pull-Up
How To Do A Muscle Up,https://www.youtube.com/watch?v=lbEl3yg4YWA,unknown
The PERFECT Pull-Up (5 Steps),https://www.youtube.com/watch?v=ZPG8OsHKXLw,Pull-Up
‚úÖ Learn the ‚ÄúPerfect‚Äù Pull-Up,https://www.youtube.com/watch?v=OEXosPwzFdc,Pull-Up
The Perfect Pull-Up (FIX THESE!),https://www.youtube.com/watch?v=eDP_OOhMTZ4,Pull-Up
Pull-Up Technique Tutorial,https://www.youtube.com/watch?v=l6-aIZTbAR0,Pull-Up
The SECRET To Perfect Pull-Ups!,https://www.youtube.com/watch?v=gy1dyxEdCqc,Pull-Up
"Are you ""too fat"" for pullups?",https://www.youtube.com/watch?v=ycykOblg118,Pull-Up
Can't Do Pull-Ups? Learn How,https://www.youtube.com/watch?v=q8W82EYXjII,Pull-Up
Dead Hang: time has increased to 29 seconds.  I need this grip strength to be able to do a pull-up.,https://www.youtube.com/watch?v=tInuMPVu5K0,Pull-Up
Legend teaches Flexy One arm pull up #stayflexy @frank_medrano,https://www.youtube.com/watch?v=_yCirbjRyrs,Pull-Up
You Can‚Äôt Do 38 Pull-Ups,https://www.youtube.com/watch?v=c7sl3xYE450,Pull-Up
3 Steps To More Pullups,https://www.youtube.com/watch?v=MJwSxjy3To0,Pull-Up
‚úÖ HOW to do CHIN UPS,https://www.youtube.com/watch?v=Oi3bW9nQmGI,Pull-Up
Pull up progression! Small steps to get you to your first pull up!üí™üèºWhich step are you on right now?,https://www.youtube.com/watch?v=1Sw5mevOsb0,Pull-Up
10 Easy Progressions to help you do a PULL-UP!,https://www.youtube.com/watch?v=ZTsuNUzq3e4,Pull-Up
‚úÖHow to do pull up for beginnersüí™#shorts,https://www.youtube.com/watch?v=G5YExSjm1bo,Pull-Up
‚úÖü•µ Easily Do Pull-ups !! #pullupsTutorial,https://www.youtube.com/watch?v=E7NfngF5Q3o,Pull-Up
üî• Best Pull Ups Tutorial for Strong Back !! #pullups,https://www.youtube.com/watch?v=omEctqObHhk,Pull-Up
pull up tutorialüí™,https://www.youtube.com/watch?v=nOaaRt-kwNQ,Pull-Up
Pull up strong #beginners #calisthenics #pullups #tutorial #beginnermethod,https://www.youtube.com/watch?v=uirRibXz50g,Pull-Up
How to Hollow Body Pull Ups | Tutorial,https://www.youtube.com/watch?v=Q_7jVfN4FRQ,Pull-Up
MONEY PULL UP Tiktok Dance Tutorial Slowed Mirrored #dance #dancechellenge #tiktok #tiktokdance,https://www.youtube.com/watch?v=iVX61j_Ipuo,Pull-Up
Slow motion chest to bar pull-ups,https://www.youtube.com/watch?v=5oiL5KjSDAc,Pull-Up
Kipping Pull-Up (slow motion),https://www.youtube.com/watch?v=tuSs1hykdIU,Pull-Up
Slow motion pull-ups,https://www.youtube.com/watch?v=I45sqAfwsrs,Pull-Up
Butterfly Pull up Progression Slow Motion (Demo),https://www.youtube.com/watch?v=oSkn0WcIxrg,Pull-Up
Slow Motion Pull-Ups,https://www.youtube.com/watch?v=YEgPR73UzGo,Pull-Up
Slow Motion Pull Ups #shorts,https://www.youtube.com/watch?v=kLqRmC3Apq0,Pull-Up
The Best Exercise for MUSCLE UPS!,https://www.youtube.com/watch?v=yGGU7UbH1DM,unknown
Money pull up - slowed tutorial üî• : #shorts #short #elias_dance,https://www.youtube.com/watch?v=gTVh1tshalo,Pull-Up
Pull Ups with slow motion descending,https://www.youtube.com/watch?v=XugqepFUsFk,Pull-Up
Slow Motion - Anatomical Analysis of a Pull-Up,https://www.youtube.com/watch?v=Nq4kOfFo8N0,Pull-Up
Slow motion pull up,https://www.youtube.com/watch?v=kxYGtml63XQ,Pull-Up
Slow Motion Pull Up (Intermediate Bodyweight Exercise),https://www.youtube.com/watch?v=7ojDW9HCcJg,Pull-Up
The Strict Pull-Up,https://www.youtube.com/watch?v=HRV5YKKaeVw,Pull-Up
Strict Pullup,https://www.youtube.com/watch?v=IeLz4qWRJxM,Pull-Up
230lbs and doing strict pull-ups #pullup #strictpullup #crossfit,https://www.youtube.com/watch?v=s4UP-ZVELbk,Pull-Up
Strict Pull-ups [Technique and Tips],https://www.youtube.com/watch?v=25Hp_pgrVkM,Pull-Up
3x32.5kg Strict Neutral Pull Up (Close Grip) with Dead Hang,https://www.youtube.com/watch?v=-TUMusmmN_o,Pull-Up
Strict Pull Ups ( Close Grip ) #Pullups #Shorts @gokupump,https://www.youtube.com/watch?v=KTOO_v7SL5s,Pull-Up
StrongFirst Tip: How to do a STRICT Tactical Pullup,https://www.youtube.com/watch?v=AcI6bGetbBU,Pull-Up
He did 100 Pull-Ups! #interview #gym #lifting,https://www.youtube.com/watch?v=yWDrUxiXG9c,Pull-Up
Practice Strict Pull-ups like THIS,https://www.youtube.com/watch?v=6F24PmRoAj4,Pull-Up
Strict Pull ups..The Average Man can‚Äôt do This #Shorts #Pullups,https://www.youtube.com/watch?v=xblBRHM4MQA,Pull-Up
"30 years old, 30 pullups? üòÆ",https://www.youtube.com/watch?v=O_tbDkoKE88,Pull-Up
Strict chest to bar pull-up like THIS!!,https://www.youtube.com/watch?v=l9LWhqBTENI,Pull-Up
Pull-Ups Or Chin-ups?,https://www.youtube.com/watch?v=nTPkj5gnwb0,Pull-Up
If Pull-ups are Too Hard‚Ä¶ Are Chin-Ups Really the Answer?,https://www.youtube.com/watch?v=oD2ohgW30fQ,Pull-Up
Chin-ups vs Pull-ups for Lat Growth,https://www.youtube.com/watch?v=HQ4hmlnoNvw,Pull-Up
"""Chin Ups Are A TERRIBLE Bicep Exercise"" ü§°ü§¶‚Äç‚ôÇÔ∏è",https://www.youtube.com/watch?v=O9ppg1JGDZQ,Pull-Up
Pull-Up or Chin-Up? ü§î,https://www.youtube.com/watch?v=8Le5pskfFwY,Pull-Up
ü§îChin-Ups VS Pull-Ups | Which Is Better?,https://www.youtube.com/watch?v=4nG_uZSQdB8,Pull-Up
Pull Ups vs Chin ups - Know the Difference #gym #fitness #bodybuidling #workout,https://www.youtube.com/watch?v=IDNXyEpIlec,Pull-Up
Chin up vs Pull up,https://www.youtube.com/watch?v=QSLVEHNVYg0,Pull-Up
perfect form pull-ups at 230lbs the correct way to do them #bodybuilding #workout #strong,https://www.youtube.com/watch?v=EkrrlGo6O5U,Pull-Up
How to do a Perfect Pullup,https://www.youtube.com/watch?v=XB_7En-zf_M,Pull-Up
‚ùå Beginner Pull Up Mistake (P2),https://www.youtube.com/watch?v=KismDjoT11Y,Pull-Up
‚úÖ IMPROVE your Pull Ups!,https://www.youtube.com/watch?v=eae9UItuqbA,Pull-Up
Perfect Pull Up Technique,https://www.youtube.com/watch?v=_s8PLykWiDE,Pull-Up
Unlock One Arm Pull-ups,https://www.youtube.com/watch?v=MyFzJsxgniM,Pull-Up
Her Pull-Up Progression Is GOLD!ü§©,https://www.youtube.com/watch?v=68UbTAhIG9I,Pull-Up
#ModMu #Muscleup #loopband #progression #workout #motivation #calisthenics #fitness #pullups #pullup,https://www.youtube.com/watch?v=kH1NaOfkBBA,Pull-Up
Go From 0 To 20 Pull Ups,https://www.youtube.com/watch?v=liyaCGJrArU,Pull-Up
10 Pull-up Progressions to learn the Pull-up,https://www.youtube.com/watch?v=vRb4UdN4I2M,Pull-Up
The First Pull Up in 30 days Plan,https://www.youtube.com/watch?v=YtxzqmsaQwM,Pull-Up
MY PULL UPS TRANSFORMATION (4 months) #shorts,https://www.youtube.com/watch?v=BVCkiBqJO5s,Pull-Up
What's the best pullup bar? (NOT sponsored),https://www.youtube.com/watch?v=x-KyarTvpwQ,Pull-Up
Work Your Back Without Equipment! üëçüèæ,https://www.youtube.com/watch?v=IgmfBN2InGc,unknown
45Kg#Latmachine #workout #motivation #calisthenics #fitness #neutralgrip #pullup #exercise #training,https://www.youtube.com/watch?v=zEObaj3n8IY,Pull-Up
How to better engage your BACK during PULL-UPS,https://www.youtube.com/watch?v=pVIMcZvOctA,Pull-Up
Can't do pullups? (2022),https://www.youtube.com/watch?v=gVr_qmy3Gfg,Pull-Up
Grow a strong back - without equipment (no excuse),https://www.youtube.com/watch?v=2tzC_w3ItQo,unknown
How To Fix An Uneven Pull-Up,https://www.youtube.com/watch?v=6GsRzj3xhPY,Pull-Up
ONE ARM PULL UP - PROGRESS TIPS,https://www.youtube.com/watch?v=Mz4PJxfzfCk,Pull-Up
Easy Pull-up bar Hack #pullupbar #pullups # #fitness,https://www.youtube.com/watch?v=W7aE-lSnlWM,Pull-Up
Pullup form check,https://www.youtube.com/watch?v=FKNgMLidweM,Pull-Up
Form Check MURPH PREP - THE PULL UP,https://www.youtube.com/watch?v=tM4CNsDn-CE,Pull-Up
Pull Up Form Check ‚òë,https://www.youtube.com/watch?v=QNBChmJfvD4,Pull-Up
ü•µ‚ùå Form Correction for ‚ÄúBEGINNERS‚Äù !! #gym #mistakes #youtubeshorts,https://www.youtube.com/watch?v=GRwEiVc4Eb4,unknown
pull up form check,https://www.youtube.com/watch?v=6PvkGVAypRU,Pull-Up
pull-up form check,https://www.youtube.com/watch?v=xdc62Iuttjs,Pull-Up
Fitness Polleantor - Pull-up Form Check,https://www.youtube.com/watch?v=ElHD85OBFws,Pull-Up
How to Properly Use The Assisted Pull-up Machine In The Gym With Good Form (Exercise Demonstration),https://www.youtube.com/watch?v=6i7adZVlwIk,Pull-Up
Pullups are a top-tier bodyweight movement  #menshealthmuscle,https://www.youtube.com/watch?v=-cW-l-4QaZQ,Pull-Up
Pull Ups Form Tracking Using Wearables,https://www.youtube.com/watch?v=r9ZBk0HBwDw,Pull-Up
The PERFECT Deadlift (5 Steps),https://www.youtube.com/watch?v=8np3vKDBJfc,Deadlift
The BEST Deadlift Tutorial | Step by Step,https://www.youtube.com/watch?v=McCDaAsSeRc,Deadlift
"‚ÄúMaster the Deadlift! Form First, Power Follows. No Injuries‚ÄîOnly Gains!‚Äù#junior",https://www.youtube.com/watch?v=nv74vU16y0E,Deadlift
Deadlift,https://www.youtube.com/watch?v=AweC3UaM14o,Deadlift
How To Perform Deadlift Correctly | Deadlift Corrections | Mukesh Gahlot #youtubevideos,https://www.youtube.com/watch?v=fyYhJ9pYPgA,Deadlift
ü•µ‚ùåSumo vs Conventional Deadlift (WHICH IS BETTER) ? #sumo #deadlift,https://www.youtube.com/watch?v=FdSlVTKwZjM,Deadlift
Deadlift With PERFECT Form!,https://www.youtube.com/watch?v=7YYaGXvEr90,Deadlift
Correct Your Deadlift Form,https://www.youtube.com/watch?v=LEzzarYRP0g,Deadlift
Stop Doing Deadlifts Like This (3 Lifting Mistakes EVERYONE Makes),https://www.youtube.com/watch?v=TM1mpvglJq4,Deadlift
‚ùåü•µ Fix Your Deadlift Form !! #deadlift #youtubeshorts,https://www.youtube.com/watch?v=dGe8v3HPHIA,Deadlift
How to Deadlift: 5 Simple Steps,https://www.youtube.com/watch?v=vfKwjT5-86k,Deadlift
How To Deadlift With Perfect Technique (Step By Step),https://www.youtube.com/watch?v=ZaTM37cfiDs,Deadlift
How to Deadlift üî• Save your spine!,https://www.youtube.com/watch?v=HrXR9MxcU8g,Deadlift
‚úÖ The PERFECT Deadlift (DO THIS!),https://www.youtube.com/watch?v=xNwpvDuZJ3k,Deadlift
How To Deadlift | Essential Tips For Beginners #deadlift #exercisetips,https://www.youtube.com/watch?v=-gn0-Pj2E5g,Deadlift
Guess The RPE üò≠üòÇ | #shorts #deadlift‚Äù,https://www.youtube.com/watch?v=7JOg4jPeOb4,Deadlift
How To Deadlift (Avoid Mistakes!),https://www.youtube.com/watch?v=nYsm1uNxi6Y,Deadlift
How to Deadlift: 5 Easy Steps #deadlift #workouttips,https://www.youtube.com/watch?v=O1lJXVUh2Pk,Deadlift
Deadlift tutorial,https://www.youtube.com/watch?v=9HQzDq_uZt0,Deadlift
Deadlift technique! Follow for more fitness tips ‚úÖ,https://www.youtube.com/watch?v=QjoWGxlS0Xw,Deadlift
RDL Tutorial: 3 Simple Steps,https://www.youtube.com/watch?v=5rIqP63yWFg,unknown
Romanian Deadlift | Nuffield Health,https://www.youtube.com/watch?v=7j-2w4-P14I,Deadlift
How to do the ROMANIAN DEADLIFT! | 2 Minute Tutorial,https://www.youtube.com/watch?v=3VXmecChYYM,Deadlift
Dumbbell Romanian Deadlift,https://www.youtube.com/watch?v=xAL7lHwj30E,Deadlift
Romanian Deadlift,https://www.youtube.com/watch?v=LURGDIX3adY,Deadlift
Deadlift Vs RDL #shorts #deadlift #rdl,https://www.youtube.com/watch?v=up0sPrYCTkI,Deadlift
Romanian Deadlift,https://www.youtube.com/watch?v=8tTKm-3wX5s,Deadlift
Feeling Romanian Deadlift in Low Back,https://www.youtube.com/watch?v=mwGzLEttZvQ,Deadlift
How To Romanian Deadlift (RDL): Number One Form Tip,https://www.youtube.com/watch?v=ecuZtKTNI9U,Deadlift
ü•µ‚úÖRomanian Deadlift V.s Stiff Leg DEADLIFT #comparison #deadlift,https://www.youtube.com/watch?v=Awx15PllHls,Deadlift
How to do Romanian Deadlift Correctly,https://www.youtube.com/watch?v=iQhsv8-pYUo,Deadlift
Don't Do Romanian Deadlifts Like THIS ‚ùå,https://www.youtube.com/watch?v=KPfaAfV5DN4,Deadlift
Stop doing Romanian Deadlifts aka RDL‚Äôs like this ‚ÄºÔ∏è #romaniandeadlifts #deadlift #rdl,https://www.youtube.com/watch?v=ZX2aFJahzS0,Deadlift
Romanian vs Stiff-Leg Deadlift (KNOW THE DIFFERENCE!),https://www.youtube.com/watch?v=Wou9zVQrAfs,Deadlift
The Sumo Deadlift,https://www.youtube.com/watch?v=wQHSYDSgDn8,Deadlift
How to Sumo Deadlift | Step by Step #powerlifting #sumodeadlift,https://www.youtube.com/watch?v=gk09lg7yN-g,Deadlift
Sumo Deadlift,https://www.youtube.com/watch?v=pfSMst14EFk,Deadlift
150kg Sumo Deadlift PR | Raw Power & Form | #Shorts #gym #deadlift #legday #sumodeadlift,https://www.youtube.com/watch?v=O69aG6wW6Pc,Deadlift
ü•µ‚ùåCbum Ne Bola hai‚Ä¶. ? #sumo #conventional #deadlift #youtubeshorts,https://www.youtube.com/watch?v=7mmgbElmKBc,Deadlift
150kg / 330lb Sumo Deadlift #sumodeadlift #deadlift #powerlifting,https://www.youtube.com/watch?v=AE_bmGcqLFA,Deadlift
How To Correctly Perform A Sumo Deadlift,https://www.youtube.com/watch?v=JbY72Him34Q,Deadlift
"How To Sumo Deadlift 1,000LBS (Tutorial) #shortsvideo",https://www.youtube.com/watch?v=HsmMRbBSzJk,Deadlift
Kettlebell Sumo Deadlift,https://www.youtube.com/watch?v=odS65TnXgU0,Deadlift
Sumo Squat vs Sumo Deadlift üèãÔ∏è‚Äç‚ôÄÔ∏èüçë #shorts,https://www.youtube.com/watch?v=k2vYal_9aJM,Squat
Conventional vs Sumo Deadlift PR,https://www.youtube.com/watch?v=9SGEfaOerv8,Deadlift
How to Increase your Sumo Deadlift,https://www.youtube.com/watch?v=8VNgl0fu4ZA,Deadlift
BB Sumo Deadlift / Barbell Deadlift,https://www.youtube.com/watch?v=nAeklcroNUw,Deadlift
"Side view, 425x3 deadlift.",https://www.youtube.com/watch?v=5P04qdapryc,Deadlift
Conventional Deadlift (side view) - The Rack Athletic Performance Center,https://www.youtube.com/watch?v=KHa-7mYKLt8,Deadlift
Sumo Deadlift 180kg x 5 Side View,https://www.youtube.com/watch?v=k8PWoDPqZOI,Deadlift
Side view deadlift,https://www.youtube.com/watch?v=WSfe76vv714,Deadlift
775lbs deadlift 6-11-11 - side view,https://www.youtube.com/watch?v=zHJ6YwUy9HI,Deadlift
Sumo Deadlift (side view) - The Rack Athletic Performance Center,https://www.youtube.com/watch?v=YpsQSJBcBpo,Deadlift
Deadlift conventional (Side view),https://www.youtube.com/watch?v=OHr77Su_ob0,Deadlift
Deadlift - side view,https://www.youtube.com/watch?v=RreUxHLg8a8,Deadlift
Know and feel the difference! DEADLIFT vs. RDL üî•ü´∂üèª #deadlift #rdl,https://www.youtube.com/watch?v=vuKnZIjNgkA,Deadlift
260KG/572LBS DEADLIFT,https://www.youtube.com/watch?v=d6IgIV_7zaM,Deadlift
900lbs Raw Deadlift side view,https://www.youtube.com/watch?v=rEeQjx6v6Jg,Deadlift
Sumo deadlift (side view),https://www.youtube.com/watch?v=gAwfGUpLEk0,Deadlift
Side View - Start position - Barbell Deadlift | BridgeAthletic,https://www.youtube.com/watch?v=bOLCmKkUDhA,Deadlift
‚ò†Ô∏èüò± Ultimate Back Workout for Mass | Build a V-Taper Back Fast (Gym Routine)  #backworkout #fitness,https://www.youtube.com/watch?v=HL-iYcSi-qg,unknown
How to Deadlift With Perfect Technique,https://www.youtube.com/watch?v=Vdk8-49TE3I,Deadlift
"ü•µ BACK Injury in DEADLIFT, Do this!",https://www.youtube.com/watch?v=UmD_LTxONe4,Deadlift
Deadlift SLOW MO,https://www.youtube.com/watch?v=oC2i3AHg9a4,Deadlift
Lowering the Deadlift Properly,https://www.youtube.com/watch?v=ZdjUgBANxJk,Deadlift
Slow-motion deadlift- 180 kg,https://www.youtube.com/watch?v=klLX08tPNcY,Deadlift
4ct Pause Deadlift 145 Kg Single üìàüî•,https://www.youtube.com/watch?v=FYnjhTGvXZY,Deadlift
The slow motion Deadlift.. #deadlift #fitness #gym,https://www.youtube.com/watch?v=zCXybYAtQ6o,Deadlift
Deadlift and Kettlebell Swing Slow Motion,https://www.youtube.com/watch?v=c42uO3qO10s,Deadlift
19 y/o Karlos Nasar (89kg üáßüá¨) 223kg / 491lbs C&J World Record Slow Motion! #weightlifting,https://www.youtube.com/watch?v=OkHuRYF6AvM,unknown
Giulia Miserendino 110kg / 242lb Snatch Slow Motion #weightlifting #slowmotion #snatch #shorts,https://www.youtube.com/watch?v=pCTxUWW42uU,unknown
Li Dayin (89kg üá®üá≥) 180kg / 396lbs Snatch World Record! #weightlifting #weightlifting #slowmotion,https://www.youtube.com/watch?v=nw8ESxEC-qI,unknown
Expression less 200kg deadlift in slow motion üî•#viral #trending #deadlift #youtubeshorts #shortvideo,https://www.youtube.com/watch?v=mMCh3eDzyeA,Deadlift
Xiang Feiyang(81kg) 169kg Snatch Slow-Motion,https://www.youtube.com/watch?v=hhNuPM084qU,unknown
Deadlift #exercise #motivation #fyp #explore,https://www.youtube.com/watch?v=JW3il2Q3R5M,Deadlift
180KGs deadlift PR,https://www.youtube.com/watch?v=DSRv2xDt1hE,Deadlift
COMPOUND EXERCISES - How to do a Dumbbell Deadlift,https://www.youtube.com/watch?v=plb5jEO4Unw,Deadlift
Smith Machine Deadlift: Proper Form #fitnesstips #deadlift #workout #gym,https://www.youtube.com/watch?v=neXYBxOY1JQ,Deadlift
Technique Tips ‚úÖ Romanian Deadlift ! #shorts,https://www.youtube.com/watch?v=_TchJLlBO-4,Deadlift
10-Steps to Perform a Perfect DEADLIFT‚ÄºÔ∏è #training #gym #bodybuilding,https://www.youtube.com/watch?v=2T9tKXwYh8k,Deadlift
How To Perfect Your Deadlift | Form Check | Men's Health #shorts #viral #gym #motivational #videos,https://www.youtube.com/watch?v=WPN6vUeO6O0,Deadlift
FUNCTIONAL FORM CHECK: SUMO DEADLIFT,https://www.youtube.com/watch?v=yo42kZxApoY,Deadlift
FORM CHECK DEADLIFT 200lbs/91kg @8reps,https://www.youtube.com/watch?v=R4aRNc9xu_o,Deadlift
Deadlift Form Check - Do You Hit All These Points of Performance?,https://www.youtube.com/watch?v=L72w9477Z30,Deadlift
Deadlift Form Check 11/6/14 - First Time Deadlifting,https://www.youtube.com/watch?v=VvkIyQr0FTA,Deadlift
Check the correct form .  #fitness,https://www.youtube.com/watch?v=mwMgZ1RDFvo,unknown
Deadlift Form Check ‚úÖ Are You Nailing Your Technique Or Constantly Injuring Yourself? üèãÔ∏è‚Äç‚ôÄÔ∏è,https://www.youtube.com/watch?v=vlT3zfCDzGI,Deadlift
150kg deadlift form check,https://www.youtube.com/watch?v=SrZUOlUhjbI,Deadlift
Trap bar Deadlift form check 40kgX6,https://www.youtube.com/watch?v=EifZgeFCMu8,Deadlift
Deadlift form check - Conventional vs. Sumo styles during deload week,https://www.youtube.com/watch?v=vt1lABKj9AA,Deadlift
150Kg deadlift form check #fitness #deadlift,https://www.youtube.com/watch?v=c-ZzwJTBKN8,Deadlift
"Deadlift Form Check 6'3, 200, 5 reps of 290lb",https://www.youtube.com/watch?v=Jj52VCxaD6Q,Deadlift
